<?xml version="1.0" encoding="utf-8"?>
<SituationTemplate id="???" name="nameOfEntity">
  <Situation name="nameOfEntity">
    <situationNode id="???" name="nameOfEntity" />
    <operationNode id="???" name="nameOfEntity">
      <parent parentID="???" />
      <type>and</type>
    </operationNode>
    <contextNode id="???" name="nameOfEntity" type="nameOfEntity">
      <parent parentID="???" />
      <inputType>sensor</inputType>
      <situationInput>nameOfEntity</situationInput>
      <measureName>nameOfEntity</measureName>
      <unit>nameOfEntity</unit>
      <thingType>nameOfEntity</thingType>
      <negated>true</negated>
      <opType>lowerThan</opType>
      <value>nameOfEntity</value>
    </contextNode>
  </Situation>
  <thingTypes>
    <thingType>nameOfEntity</thingType>
  </thingTypes>
</SituationTemplate>